title,summary,url
넷플릭스가 한국 드라마에 대규모 투자를 발표했다,넷플릭스 관련 최신 뉴스입니다.,https://news.com/넷플릭스-1
"넷플릭스, 광고 기반 구독제 도입으로 수익 다각화",넷플릭스 관련 최신 뉴스입니다.,https://news.com/넷플릭스-2
"넷플릭스, 오리지널 영화 라인업 강화",넷플릭스 관련 최신 뉴스입니다.,https://news.com/넷플릭스-3
"넷플릭스, 모바일 최적화 UI 개편",넷플릭스 관련 최신 뉴스입니다.,https://news.com/넷플릭스-4
"넷플릭스, 시청자 맞춤형 추천 알고리즘 개선",넷플릭스 관련 최신 뉴스입니다.,https://news.com/넷플릭스-5
"AI 챗봇, 금융권 고객 응대에 도입",AI 관련 최신 뉴스입니다.,https://news.com/ai-1
"AI 윤리 가이드라인 발표, 기업 책임 강조",AI 관련 최신 뉴스입니다.,https://news.com/ai-2
"AI 스피커, 음성 인식 오류율 감소",AI 관련 최신 뉴스입니다.,https://news.com/ai-3
AI와 로봇의 융합 기술 발표,AI 관련 최신 뉴스입니다.,https://news.com/ai-4
"AI 번역기, 다국어 정확도 대폭 향상",AI 관련 최신 뉴스입니다.,https://news.com/ai-5
AI로 범죄 예측하는 시스템 논란,AI 관련 최신 뉴스입니다.,https://news.com/ai-6
"AI 교사, 초등학교 시범 도입",AI 관련 최신 뉴스입니다.,https://news.com/ai-7
AI 기반 의류 추천 서비스 출시,AI 관련 최신 뉴스입니다.,https://news.com/ai-8
"테슬라, 완전 자율주행 FSD 베타 공개",테슬라 관련 최신 뉴스입니다.,https://news.com/테슬라-1
"테슬라, 새로운 배터리 기술 발표",테슬라 관련 최신 뉴스입니다.,https://news.com/테슬라-2
"테슬라, 전기 트럭 '세미' 첫 양산 돌입",테슬라 관련 최신 뉴스입니다.,https://news.com/테슬라-3
"BTS, 미국 빌보드 차트 1위 달성",BTS 관련 최신 뉴스입니다.,https://news.com/bts-1
"BTS, UN에서 청년 메시지 전달",BTS 관련 최신 뉴스입니다.,https://news.com/bts-2
"BTS, 팬미팅 '아미와의 약속' 개최",BTS 관련 최신 뉴스입니다.,https://news.com/bts-3
"BTS, 다큐멘터리 시리즈 전 세계 공개",BTS 관련 최신 뉴스입니다.,https://news.com/bts-4
"배달의민족, 드론 배달 시범 서비스 시작",배달의민족 관련 최신 뉴스입니다.,https://news.com/배달의민족-1
"배달의민족, 배달 로봇 상용화 돌입",배달의민족 관련 최신 뉴스입니다.,https://news.com/배달의민족-2
"배달의민족, 새벽배송 서비스 확대",배달의민족 관련 최신 뉴스입니다.,https://news.com/배달의민족-3
"구글, 퀀텀 컴퓨팅 기술 발표 - 속보 1","구글, 퀀텀 컴퓨팅 기술 발표에 대한 보도입니다.",https://news.com/independent-1
"카카오, 블록체인 기반 지갑 서비스 출시 - 속보 2","카카오, 블록체인 기반 지갑 서비스 출시에 대한 보도입니다.",https://news.com/independent-2
"구글, 퀀텀 컴퓨팅 기술 발표 - 속보 3","구글, 퀀텀 컴퓨팅 기술 발표에 대한 보도입니다.",https://news.com/independent-3
"쿠팡, 대규모 물류센터 신설 - 속보 4","쿠팡, 대규모 물류센터 신설에 대한 보도입니다.",https://news.com/independent-4
"트위터, 콘텐츠 유료화 실험 중 - 속보 5","트위터, 콘텐츠 유료화 실험 중에 대한 보도입니다.",https://news.com/independent-5
"쿠팡, 대규모 물류센터 신설 - 속보 6","쿠팡, 대규모 물류센터 신설에 대한 보도입니다.",https://news.com/independent-6
"네이버, 클라우드 인프라 투자 확대 - 속보 7","네이버, 클라우드 인프라 투자 확대에 대한 보도입니다.",https://news.com/independent-7
"카카오, 블록체인 기반 지갑 서비스 출시 - 속보 8","카카오, 블록체인 기반 지갑 서비스 출시에 대한 보도입니다.",https://news.com/independent-8
"쿠팡, 대규모 물류센터 신설 - 속보 9","쿠팡, 대규모 물류센터 신설에 대한 보도입니다.",https://news.com/independent-9
"카카오, 블록체인 기반 지갑 서비스 출시 - 속보 10","카카오, 블록체인 기반 지갑 서비스 출시에 대한 보도입니다.",https://news.com/independent-10
"구글, 퀀텀 컴퓨팅 기술 발표 - 속보 11","구글, 퀀텀 컴퓨팅 기술 발표에 대한 보도입니다.",https://news.com/independent-11
"쿠팡, 대규모 물류센터 신설 - 속보 12","쿠팡, 대규모 물류센터 신설에 대한 보도입니다.",https://news.com/independent-12
"트위터, 콘텐츠 유료화 실험 중 - 속보 13","트위터, 콘텐츠 유료화 실험 중에 대한 보도입니다.",https://news.com/independent-13
"스타벅스, 친환경 매장 100호점 돌파 - 속보 14","스타벅스, 친환경 매장 100호점 돌파에 대한 보도입니다.",https://news.com/independent-14
"네이버, 클라우드 인프라 투자 확대 - 속보 15","네이버, 클라우드 인프라 투자 확대에 대한 보도입니다.",https://news.com/independent-15
"구글, 퀀텀 컴퓨팅 기술 발표 - 속보 16","구글, 퀀텀 컴퓨팅 기술 발표에 대한 보도입니다.",https://news.com/independent-16
"네이버, 클라우드 인프라 투자 확대 - 속보 17","네이버, 클라우드 인프라 투자 확대에 대한 보도입니다.",https://news.com/independent-17
"쿠팡, 대규모 물류센터 신설 - 속보 18","쿠팡, 대규모 물류센터 신설에 대한 보도입니다.",https://news.com/independent-18
"카카오, 블록체인 기반 지갑 서비스 출시 - 속보 19","카카오, 블록체인 기반 지갑 서비스 출시에 대한 보도입니다.",https://news.com/independent-19
"애플, 아이폰16에 위성 통신 도입 - 속보 20","애플, 아이폰16에 위성 통신 도입에 대한 보도입니다.",https://news.com/independent-20
"쿠팡, 대규모 물류센터 신설 - 속보 21","쿠팡, 대규모 물류센터 신설에 대한 보도입니다.",https://news.com/independent-21
"쿠팡, 대규모 물류센터 신설 - 속보 22","쿠팡, 대규모 물류센터 신설에 대한 보도입니다.",https://news.com/independent-22
"트위터, 콘텐츠 유료화 실험 중 - 속보 23","트위터, 콘텐츠 유료화 실험 중에 대한 보도입니다.",https://news.com/independent-23
"카카오, 블록체인 기반 지갑 서비스 출시 - 속보 24","카카오, 블록체인 기반 지갑 서비스 출시에 대한 보도입니다.",https://news.com/independent-24
"카카오, 블록체인 기반 지갑 서비스 출시 - 속보 25","카카오, 블록체인 기반 지갑 서비스 출시에 대한 보도입니다.",https://news.com/independent-25
"스타벅스, 친환경 매장 100호점 돌파 - 속보 26","스타벅스, 친환경 매장 100호점 돌파에 대한 보도입니다.",https://news.com/independent-26
"카카오, 블록체인 기반 지갑 서비스 출시 - 속보 27","카카오, 블록체인 기반 지갑 서비스 출시에 대한 보도입니다.",https://news.com/independent-27
"애플, 아이폰16에 위성 통신 도입 - 속보 28","애플, 아이폰16에 위성 통신 도입에 대한 보도입니다.",https://news.com/independent-28
"네이버, 클라우드 인프라 투자 확대 - 속보 29","네이버, 클라우드 인프라 투자 확대에 대한 보도입니다.",https://news.com/independent-29
"삼성, 폴더블폰 판매량 1000만대 돌파 - 속보 30","삼성, 폴더블폰 판매량 1000만대 돌파에 대한 보도입니다.",https://news.com/independent-30
"카카오, 블록체인 기반 지갑 서비스 출시 - 속보 31","카카오, 블록체인 기반 지갑 서비스 출시에 대한 보도입니다.",https://news.com/independent-31
"현대차, 전기 SUV 유럽 출시 - 속보 32","현대차, 전기 SUV 유럽 출시에 대한 보도입니다.",https://news.com/independent-32
"삼성, 폴더블폰 판매량 1000만대 돌파 - 속보 33","삼성, 폴더블폰 판매량 1000만대 돌파에 대한 보도입니다.",https://news.com/independent-33
"애플, 아이폰16에 위성 통신 도입 - 속보 34","애플, 아이폰16에 위성 통신 도입에 대한 보도입니다.",https://news.com/independent-34
"카카오, 블록체인 기반 지갑 서비스 출시 - 속보 35","카카오, 블록체인 기반 지갑 서비스 출시에 대한 보도입니다.",https://news.com/independent-35
"삼성, 폴더블폰 판매량 1000만대 돌파 - 속보 36","삼성, 폴더블폰 판매량 1000만대 돌파에 대한 보도입니다.",https://news.com/independent-36
"현대차, 전기 SUV 유럽 출시 - 속보 37","현대차, 전기 SUV 유럽 출시에 대한 보도입니다.",https://news.com/independent-37
"스타벅스, 친환경 매장 100호점 돌파 - 속보 38","스타벅스, 친환경 매장 100호점 돌파에 대한 보도입니다.",https://news.com/independent-38
"스타벅스, 친환경 매장 100호점 돌파 - 속보 39","스타벅스, 친환경 매장 100호점 돌파에 대한 보도입니다.",https://news.com/independent-39
"카카오, 블록체인 기반 지갑 서비스 출시 - 속보 40","카카오, 블록체인 기반 지갑 서비스 출시에 대한 보도입니다.",https://news.com/independent-40
"현대차, 전기 SUV 유럽 출시 - 속보 41","현대차, 전기 SUV 유럽 출시에 대한 보도입니다.",https://news.com/independent-41
"현대차, 전기 SUV 유럽 출시 - 속보 42","현대차, 전기 SUV 유럽 출시에 대한 보도입니다.",https://news.com/independent-42
"페이스북, 메타버스 교육 플랫폼 출시 - 속보 43","페이스북, 메타버스 교육 플랫폼 출시에 대한 보도입니다.",https://news.com/independent-43
"카카오, 블록체인 기반 지갑 서비스 출시 - 속보 44","카카오, 블록체인 기반 지갑 서비스 출시에 대한 보도입니다.",https://news.com/independent-44
"스타벅스, 친환경 매장 100호점 돌파 - 속보 45","스타벅스, 친환경 매장 100호점 돌파에 대한 보도입니다.",https://news.com/independent-45
"애플, 아이폰16에 위성 통신 도입 - 속보 46","애플, 아이폰16에 위성 통신 도입에 대한 보도입니다.",https://news.com/independent-46
"스타벅스, 친환경 매장 100호점 돌파 - 속보 47","스타벅스, 친환경 매장 100호점 돌파에 대한 보도입니다.",https://news.com/independent-47
"구글, 퀀텀 컴퓨팅 기술 발표 - 속보 48","구글, 퀀텀 컴퓨팅 기술 발표에 대한 보도입니다.",https://news.com/independent-48
"쿠팡, 대규모 물류센터 신설 - 속보 49","쿠팡, 대규모 물류센터 신설에 대한 보도입니다.",https://news.com/independent-49
"트위터, 콘텐츠 유료화 실험 중 - 속보 50","트위터, 콘텐츠 유료화 실험 중에 대한 보도입니다.",https://news.com/independent-50
"네이버, 클라우드 인프라 투자 확대 - 속보 51","네이버, 클라우드 인프라 투자 확대에 대한 보도입니다.",https://news.com/independent-51
"트위터, 콘텐츠 유료화 실험 중 - 속보 52","트위터, 콘텐츠 유료화 실험 중에 대한 보도입니다.",https://news.com/independent-52
"스타벅스, 친환경 매장 100호점 돌파 - 속보 53","스타벅스, 친환경 매장 100호점 돌파에 대한 보도입니다.",https://news.com/independent-53
"애플, 아이폰16에 위성 통신 도입 - 속보 54","애플, 아이폰16에 위성 통신 도입에 대한 보도입니다.",https://news.com/independent-54
"삼성, 폴더블폰 판매량 1000만대 돌파 - 속보 55","삼성, 폴더블폰 판매량 1000만대 돌파에 대한 보도입니다.",https://news.com/independent-55
"쿠팡, 대규모 물류센터 신설 - 속보 56","쿠팡, 대규모 물류센터 신설에 대한 보도입니다.",https://news.com/independent-56
"쿠팡, 대규모 물류센터 신설 - 속보 57","쿠팡, 대규모 물류센터 신설에 대한 보도입니다.",https://news.com/independent-57
"페이스북, 메타버스 교육 플랫폼 출시 - 속보 58","페이스북, 메타버스 교육 플랫폼 출시에 대한 보도입니다.",https://news.com/independent-58
"삼성, 폴더블폰 판매량 1000만대 돌파 - 속보 59","삼성, 폴더블폰 판매량 1000만대 돌파에 대한 보도입니다.",https://news.com/independent-59
"스타벅스, 친환경 매장 100호점 돌파 - 속보 60","스타벅스, 친환경 매장 100호점 돌파에 대한 보도입니다.",https://news.com/independent-60
"트위터, 콘텐츠 유료화 실험 중 - 속보 61","트위터, 콘텐츠 유료화 실험 중에 대한 보도입니다.",https://news.com/independent-61
"구글, 퀀텀 컴퓨팅 기술 발표 - 속보 62","구글, 퀀텀 컴퓨팅 기술 발표에 대한 보도입니다.",https://news.com/independent-62
"네이버, 클라우드 인프라 투자 확대 - 속보 63","네이버, 클라우드 인프라 투자 확대에 대한 보도입니다.",https://news.com/independent-63
"네이버, 클라우드 인프라 투자 확대 - 속보 64","네이버, 클라우드 인프라 투자 확대에 대한 보도입니다.",https://news.com/independent-64
"애플, 아이폰16에 위성 통신 도입 - 속보 65","애플, 아이폰16에 위성 통신 도입에 대한 보도입니다.",https://news.com/independent-65
"쿠팡, 대규모 물류센터 신설 - 속보 66","쿠팡, 대규모 물류센터 신설에 대한 보도입니다.",https://news.com/independent-66
"애플, 아이폰16에 위성 통신 도입 - 속보 67","애플, 아이폰16에 위성 통신 도입에 대한 보도입니다.",https://news.com/independent-67
"네이버, 클라우드 인프라 투자 확대 - 속보 68","네이버, 클라우드 인프라 투자 확대에 대한 보도입니다.",https://news.com/independent-68
"현대차, 전기 SUV 유럽 출시 - 속보 69","현대차, 전기 SUV 유럽 출시에 대한 보도입니다.",https://news.com/independent-69
"삼성, 폴더블폰 판매량 1000만대 돌파 - 속보 70","삼성, 폴더블폰 판매량 1000만대 돌파에 대한 보도입니다.",https://news.com/independent-70
"현대차, 전기 SUV 유럽 출시 - 속보 71","현대차, 전기 SUV 유럽 출시에 대한 보도입니다.",https://news.com/independent-71
"네이버, 클라우드 인프라 투자 확대 - 속보 72","네이버, 클라우드 인프라 투자 확대에 대한 보도입니다.",https://news.com/independent-72
"트위터, 콘텐츠 유료화 실험 중 - 속보 73","트위터, 콘텐츠 유료화 실험 중에 대한 보도입니다.",https://news.com/independent-73
"구글, 퀀텀 컴퓨팅 기술 발표 - 속보 74","구글, 퀀텀 컴퓨팅 기술 발표에 대한 보도입니다.",https://news.com/independent-74
"구글, 퀀텀 컴퓨팅 기술 발표 - 속보 75","구글, 퀀텀 컴퓨팅 기술 발표에 대한 보도입니다.",https://news.com/independent-75
"구글, 퀀텀 컴퓨팅 기술 발표 - 속보 76","구글, 퀀텀 컴퓨팅 기술 발표에 대한 보도입니다.",https://news.com/independent-76
"삼성, 폴더블폰 판매량 1000만대 돌파 - 속보 77","삼성, 폴더블폰 판매량 1000만대 돌파에 대한 보도입니다.",https://news.com/independent-77
